ts_code,trade_date,open,high,low,close,pre_close,change,pct_chg,vol,amount
000888.SZ,20260130,13.7,13.99,13.65,13.92,13.78,0.14,1.016,221623.89,307647.032
000888.SZ,20260129,13.22,13.82,13.13,13.78,13.23,0.55,4.1572,259685.01,353631.982
000888.SZ,20260128,13.32,13.35,13.2,13.23,13.35,-0.12,-0.8989,85865.0,113929.788
000888.SZ,20260127,13.51,13.58,13.18,13.35,13.53,-0.18,-1.3304,111632.91,148809.772
000888.SZ,20260126,13.55,13.63,13.42,13.53,13.6,-0.07,-0.5147,124722.02,168536.095
000888.SZ,20260123,13.63,13.69,13.57,13.6,13.64,-0.04,-0.2933,84073.19,114461.359
000888.SZ,20260122,13.55,13.73,13.46,13.64,13.55,0.09,0.6642,93778.41,127580.652
000888.SZ,20260121,13.66,13.7,13.47,13.55,13.76,-0.21,-1.5262,117086.0,158484.762
000888.SZ,20260120,13.73,13.84,13.62,13.76,13.78,-0.02,-0.1451,121078.47,166044.422
000888.SZ,20260119,13.25,13.84,13.22,13.78,13.3,0.48,3.609,210181.0,287480.033
000888.SZ,20260116,13.51,13.53,13.25,13.3,13.57,-0.27,-1.9897,121821.03,162630.137
000888.SZ,20260115,13.61,13.77,13.47,13.57,13.61,-0.04,-0.2939,155014.0,210742.188
000888.SZ,20260114,13.31,13.65,13.28,13.61,13.37,0.24,1.7951,219798.49,297337.306
000888.SZ,20260113,13.38,13.65,13.3,13.37,13.38,-0.01,-0.0747,208351.48,279723.875
000888.SZ,20260112,13.2,13.38,13.16,13.38,13.25,0.13,0.9811,153443.24,204038.839
000888.SZ,20260109,13.22,13.33,13.16,13.25,13.25,0.0,0.0,109047.17,144092.924
000888.SZ,20260108,13.19,13.29,13.06,13.25,13.26,-0.01,-0.0754,112634.98,148488.807
000888.SZ,20260107,13.1,13.38,13.06,13.26,13.1,0.16,1.2214,184558.62,244365.251
000888.SZ,20260106,13.01,13.22,13.0,13.1,13.02,0.08,0.6144,120197.46,157641.852
000888.SZ,20260105,13.26,13.4,12.96,13.02,13.12,-0.1,-0.7622,193203.18,253362.051
000888.SZ,20251231,12.88,13.17,12.77,13.12,12.84,0.28,2.1807,177774.89,231445.386
000888.SZ,20251230,12.88,12.94,12.75,12.84,12.87,-0.03,-0.2331,96699.0,124173.855
000888.SZ,20251229,12.95,12.98,12.8,12.87,13.13,-0.26,-1.9802,159109.3,204960.933
000888.SZ,20251226,13.18,13.22,13.01,13.13,13.17,-0.04,-0.3037,136300.15,178999.491
000888.SZ,20251225,13.27,13.38,13.16,13.25,13.29,-0.04,-0.301,169780.67,225184.338
000888.SZ,20251224,13.08,13.45,12.93,13.29,13.1,0.19,1.4504,210559.0,277634.377
000888.SZ,20251223,13.36,13.44,13.08,13.1,13.41,-0.31,-2.3117,147304.99,194450.325
000888.SZ,20251222,13.33,13.46,13.22,13.41,13.45,-0.04,-0.2974,180210.22,240885.092
000888.SZ,20251219,12.88,13.48,12.81,13.45,12.86,0.59,4.5879,363479.18,481477.321
000888.SZ,20251218,12.81,13.03,12.78,12.86,12.92,-0.06,-0.4644,167000.14,215891.012
000888.SZ,20251217,12.65,12.98,12.59,12.92,12.61,0.31,2.4584,236983.0,304801.691
000888.SZ,20251216,12.71,12.86,12.58,12.61,12.75,-0.14,-1.098,137597.34,174671.791
000888.SZ,20251215,12.6,12.78,12.57,12.75,12.64,0.11,0.8703,122146.93,155345.03
000888.SZ,20251212,12.6,12.69,12.53,12.64,12.63,0.01,0.0792,130497.71,164460.295
000888.SZ,20251211,12.75,12.83,12.61,12.63,12.79,-0.16,-1.251,134530.96,170522.533
000888.SZ,20251210,12.7,12.83,12.68,12.79,12.75,0.04,0.3137,138601.47,176786.737
000888.SZ,20251209,12.9,12.96,12.71,12.75,12.98,-0.23,-1.772,231255.75,296213.573
000888.SZ,20251208,12.87,13.08,12.82,12.98,12.95,0.03,0.2317,254509.0,329178.402
000888.SZ,20251205,13.08,13.18,12.85,12.95,13.09,-0.14,-1.0695,265935.0,344175.699
000888.SZ,20251204,13.7,13.73,13.09,13.09,13.76,-0.67,-4.8692,419603.81,557088.812
000888.SZ,20251203,14.32,14.39,13.71,13.76,14.46,-0.7,-4.8409,550241.67,766510.996
000888.SZ,20251202,14.53,15.5,14.09,14.46,14.16,0.3,2.1186,1047806.73,1520692.453
000888.SZ,20251201,14.16,14.16,14.01,14.16,12.87,1.29,10.0233,500944.97,709170.512
000888.SZ,20251128,12.86,12.93,12.75,12.87,12.82,0.05,0.39,66579.0,85434.224
000888.SZ,20251127,12.86,13.1,12.75,12.82,12.87,-0.05,-0.3885,118098.0,152443.705
000888.SZ,20251126,12.94,13.24,12.82,12.87,13.17,-0.3,-2.2779,110728.0,143762.615
000888.SZ,20251125,12.84,13.36,12.76,13.17,12.84,0.33,2.5701,166413.95,218009.138
000888.SZ,20251124,12.5,12.91,12.5,12.84,12.48,0.36,2.8846,86428.0,110531.361
000888.SZ,20251121,12.67,12.79,12.36,12.48,12.75,-0.27,-2.1176,85521.0,107364.475
000888.SZ,20251120,12.96,13.0,12.73,12.75,13.04,-0.29,-2.2239,90402.82,115878.852
000888.SZ,20251119,12.86,13.13,12.78,13.04,12.9,0.14,1.0853,134927.0,175055.688
000888.SZ,20251118,13.08,13.09,12.71,12.9,13.12,-0.22,-1.6768,102529.1,132151.667
000888.SZ,20251117,12.95,13.16,12.81,13.12,12.93,0.19,1.4695,108087.01,140569.092
000888.SZ,20251114,13.02,13.22,12.93,12.93,13.09,-0.16,-1.2223,86641.63,113162.84
000888.SZ,20251113,12.88,13.1,12.83,13.09,12.84,0.25,1.947,133009.97,173085.929
000888.SZ,20251112,13.02,13.12,12.81,12.84,12.9,-0.06,-0.4651,91288.1,118314.15
000888.SZ,20251111,12.85,12.99,12.76,12.9,12.88,0.02,0.1553,79183.0,101751.56
000888.SZ,20251110,12.59,12.95,12.5,12.88,12.55,0.33,2.6295,134938.15,172436.361
000888.SZ,20251107,12.56,12.66,12.53,12.55,12.58,-0.03,-0.2385,56747.05,71482.248
000888.SZ,20251106,12.7,12.75,12.5,12.58,12.78,-0.2,-1.5649,90043.08,113125.046
000888.SZ,20251105,12.65,12.85,12.65,12.78,12.73,0.05,0.3928,106533.34,136259.824
000888.SZ,20251104,12.56,12.82,12.54,12.73,12.63,0.1,0.7918,114402.84,145545.914
000888.SZ,20251103,12.5,12.65,12.45,12.63,12.49,0.14,1.1209,94739.49,119175.251
000888.SZ,20251031,12.29,12.52,12.25,12.49,12.14,0.35,2.883,154644.12,192134.478
000888.SZ,20251030,12.2,12.25,12.13,12.14,12.21,-0.07,-0.5733,63602.5,77509.995
000888.SZ,20251029,12.31,12.34,12.15,12.21,12.31,-0.1,-0.8123,74605.96,91011.746
000888.SZ,20251028,12.4,12.45,12.3,12.31,12.43,-0.12,-0.9654,55890.45,69197.878
000888.SZ,20251027,12.45,12.48,12.39,12.43,12.44,-0.01,-0.0804,54151.87,67297.371
000888.SZ,20251024,12.54,12.55,12.42,12.44,12.53,-0.09,-0.7183,57216.41,71282.624
000888.SZ,20251023,12.41,12.56,12.37,12.53,12.45,0.08,0.6426,63548.96,79268.666
000888.SZ,20251022,12.45,12.55,12.4,12.45,12.44,0.01,0.0804,60854.0,75881.397
000888.SZ,20251021,12.46,12.48,12.38,12.44,12.46,-0.02,-0.1605,51971.66,64597.444
000888.SZ,20251020,12.3,12.55,12.26,12.46,12.2,0.26,2.1311,71804.41,89087.782
000888.SZ,20251017,12.39,12.46,12.2,12.2,12.38,-0.18,-1.454,62766.54,77455.846
000888.SZ,20251016,12.46,12.57,12.35,12.38,12.47,-0.09,-0.7217,63037.0,78517.892
000888.SZ,20251015,12.39,12.49,12.36,12.47,12.34,0.13,1.0535,66179.52,82224.209
000888.SZ,20251014,12.4,12.54,12.31,12.34,12.37,-0.03,-0.2425,79886.0,99234.681
000888.SZ,20251013,12.28,12.42,12.15,12.37,12.61,-0.24,-1.9033,94186.98,116087.731
000888.SZ,20251010,12.55,12.68,12.55,12.61,12.58,0.03,0.2385,86341.41,109019.744
000888.SZ,20251009,13.07,13.08,12.51,12.58,13.11,-0.53,-4.0427,182056.94,230134.432
000888.SZ,20250930,13.16,13.21,13.07,13.11,13.13,-0.02,-0.1523,87866.97,115419.399
000888.SZ,20250929,13.29,13.29,13.0,13.13,13.31,-0.18,-1.3524,128336.11,168722.707
000888.SZ,20250926,13.42,13.51,13.3,13.31,13.54,-0.23,-1.6987,109917.66,147107.553
000888.SZ,20250925,13.56,13.62,13.34,13.54,13.56,-0.02,-0.1475,136902.1,184349.072
000888.SZ,20250924,13.43,13.64,13.33,13.56,13.56,0.0,0.0,138178.03,186341.781
000888.SZ,20250923,14.12,14.18,13.2,13.56,14.28,-0.72,-5.042,269360.32,367059.007
000888.SZ,20250922,14.83,14.9,14.13,14.28,14.94,-0.66,-4.4177,315930.54,456249.079
000888.SZ,20250919,14.73,15.28,14.44,14.94,14.83,0.11,0.7417,402466.02,597711.446
000888.SZ,20250918,14.65,14.87,14.56,14.83,14.76,0.07,0.4743,376534.61,554152.228
000888.SZ,20250917,14.81,14.95,14.43,14.76,14.7,0.06,0.4082,336856.73,492293.971
000888.SZ,20250916,14.37,14.75,14.31,14.7,14.34,0.36,2.5105,290987.68,422360.802
000888.SZ,20250915,14.32,14.42,14.21,14.34,14.43,-0.09,-0.6237,137407.3,196692.763
000888.SZ,20250912,14.34,14.52,14.31,14.43,14.33,0.1,0.6978,222776.22,321100.831
000888.SZ,20250911,14.36,14.4,14.09,14.33,14.43,-0.1,-0.693,221702.0,314684.333
000888.SZ,20250910,14.28,14.54,14.23,14.43,14.28,0.15,1.0504,201201.34,290212.546
000888.SZ,20250909,14.42,14.45,14.21,14.28,14.45,-0.17,-1.1765,158834.64,227058.527
000888.SZ,20250908,14.48,14.8,14.4,14.45,14.57,-0.12,-0.8236,247049.59,360299.968
000888.SZ,20250905,14.52,14.6,14.1,14.57,14.56,0.01,0.0687,297922.16,428117.639
000888.SZ,20250904,14.21,14.67,14.12,14.56,14.2,0.36,2.5352,330890.1,479123.475
000888.SZ,20250903,14.48,14.54,14.09,14.2,14.45,-0.25,-1.7301,173571.06,248236.487
000888.SZ,20250902,14.52,14.65,14.3,14.45,14.6,-0.15,-1.0274,211508.72,306716.587
000888.SZ,20250901,14.4,14.75,14.32,14.6,14.48,0.12,0.8287,273675.02,399608.82
000888.SZ,20250829,14.01,14.49,14.01,14.48,14.1,0.38,2.695,316269.43,452605.717
000888.SZ,20250828,14.08,14.27,13.81,14.1,14.07,0.03,0.2132,206010.65,289818.478
000888.SZ,20250827,14.14,14.21,13.96,14.07,14.14,-0.07,-0.495,200576.02,282526.447
000888.SZ,20250826,13.98,14.2,13.96,14.14,14.0,0.14,1.0,201358.93,284404.307
000888.SZ,20250825,13.88,14.04,13.83,14.0,13.88,0.12,0.8646,184655.29,257249.264
000888.SZ,20250822,13.89,13.94,13.81,13.88,13.93,-0.05,-0.3589,117720.82,163275.262
000888.SZ,20250821,13.95,14.0,13.87,13.93,13.94,-0.01,-0.0717,140584.99,195826.708
000888.SZ,20250820,13.8,13.97,13.75,13.94,13.81,0.13,0.9413,156964.93,217890.619
000888.SZ,20250819,13.95,13.96,13.8,13.81,13.93,-0.12,-0.8615,143604.0,199009.582
000888.SZ,20250818,13.83,13.98,13.83,13.93,13.87,0.06,0.4326,170596.33,237745.333
000888.SZ,20250815,13.69,13.87,13.63,13.87,13.7,0.17,1.2409,130404.63,179244.319
000888.SZ,20250814,13.76,13.89,13.67,13.7,13.76,-0.06,-0.436,149535.7,206084.462
000888.SZ,20250813,13.84,13.88,13.73,13.76,13.75,0.01,0.0727,108896.0,149836.475
000888.SZ,20250812,13.8,13.84,13.71,13.75,13.8,-0.05,-0.3623,118302.0,162947.91
000888.SZ,20250811,13.88,13.92,13.71,13.8,13.95,-0.15,-1.0753,164641.55,226910.035
000888.SZ,20250808,13.92,14.01,13.87,13.95,13.94,0.01,0.0717,123469.0,172062.16
000888.SZ,20250807,14.05,14.1,13.9,13.94,14.08,-0.14,-0.9943,143640.61,200847.835
000888.SZ,20250806,14.2,14.22,14.03,14.08,14.21,-0.13,-0.9148,151162.91,213041.916
000888.SZ,20250805,14.15,14.28,14.05,14.21,14.17,0.04,0.2823,130556.85,184941.184
000888.SZ,20250804,14.14,14.39,14.11,14.17,14.25,-0.08,-0.5614,167211.4,237999.375
000888.SZ,20250801,14.1,14.29,14.02,14.25,14.2,0.05,0.3521,169358.17,239232.617
000888.SZ,20250731,14.48,14.48,14.14,14.2,14.61,-0.41,-2.8063,275696.42,393710.734
000888.SZ,20250730,14.03,14.77,14.0,14.61,14.1,0.51,3.617,400412.96,577492.101
000888.SZ,20250729,14.22,14.42,13.95,14.1,14.4,-0.3,-2.0833,302049.82,425112.264
000888.SZ,20250728,14.7,15.33,14.4,14.4,14.26,0.14,0.9818,504047.25,740982.306
000888.SZ,20250725,14.04,14.65,13.92,14.26,14.01,0.25,1.7844,282059.01,401829.967
000888.SZ,20250724,13.8,14.03,13.8,14.01,13.8,0.21,1.5217,137379.0,192006.344
000888.SZ,20250723,13.88,14.05,13.8,13.8,13.89,-0.09,-0.6479,126089.8,175378.796
000888.SZ,20250722,13.86,13.94,13.77,13.89,13.82,0.07,0.5065,127922.99,177218.133
000888.SZ,20250721,13.73,13.89,13.67,13.82,13.73,0.09,0.6555,90054.02,124363.743
000888.SZ,20250718,13.79,13.8,13.7,13.73,13.77,-0.04,-0.2905,72210.0,99272.014
000888.SZ,20250717,13.71,13.9,13.66,13.77,13.74,0.03,0.2183,81339.0,112120.086
000888.SZ,20250716,13.65,13.84,13.6,13.74,13.56,0.18,1.3274,87052.0,119655.819
000888.SZ,20250715,14.05,14.06,13.76,13.81,14.06,-0.25,-1.7781,114502.0,158690.968
000888.SZ,20250714,14.09,14.15,14.04,14.06,14.11,-0.05,-0.3544,77870.0,109637.116
000888.SZ,20250711,14.16,14.19,14.07,14.11,14.18,-0.07,-0.4937,85199.0,120342.886
000888.SZ,20250710,14.15,14.2,14.09,14.18,14.18,0.0,0.0,78914.0,111593.972
000888.SZ,20250709,14.21,14.26,14.1,14.18,14.22,-0.04,-0.2813,109203.0,154870.504
000888.SZ,20250708,14.23,14.26,14.12,14.22,14.22,0.0,0.0,106860.0,151521.002
000888.SZ,20250707,14.07,14.32,14.04,14.22,14.07,0.15,1.0661,142934.0,203240.38
000888.SZ,20250704,14.04,14.14,13.93,14.07,14.04,0.03,0.2137,103442.7,145367.098
000888.SZ,20250703,14.02,14.16,13.92,14.04,14.05,-0.01,-0.0712,76467.0,107375.223
000888.SZ,20250702,14.03,14.24,14.0,14.05,14.1,-0.05,-0.3546,126710.69,178769.107
000888.SZ,20250701,14.05,14.14,13.95,14.1,14.06,0.04,0.2845,103088.88,144816.448
000888.SZ,20250630,13.98,14.11,13.96,14.06,14.05,0.01,0.0712,114103.0,160080.246
000888.SZ,20250627,14.1,14.14,13.98,14.05,14.22,-0.17,-1.1955,127004.0,178355.101
000888.SZ,20250626,13.83,14.29,13.78,14.22,13.9,0.32,2.3022,240723.05,339103.121
000888.SZ,20250625,13.93,13.97,13.77,13.9,13.87,0.03,0.2163,111241.56,154069.749
000888.SZ,20250624,13.75,13.91,13.71,13.87,13.7,0.17,1.2409,112133.0,155088.71
000888.SZ,20250623,13.48,13.73,13.41,13.7,13.61,0.09,0.6613,88656.0,120495.014
000888.SZ,20250620,13.77,13.78,13.6,13.61,13.83,-0.22,-1.5907,123163.0,168537.629
000888.SZ,20250619,14.01,14.25,13.78,13.83,14.09,-0.26,-1.8453,155967.0,218250.839
000888.SZ,20250618,14.1,14.49,14.02,14.09,14.01,0.08,0.571,156229.25,221423.325
000888.SZ,20250617,14.1,14.26,13.94,14.01,14.11,-0.1,-0.7087,156270.02,220097.377
000888.SZ,20250616,14.35,14.4,14.04,14.11,14.4,-0.29,-2.0139,187132.05,264749.033
000888.SZ,20250613,14.72,15.08,14.23,14.4,14.57,-0.17,-1.1668,292348.0,428240.723
000888.SZ,20250612,14.56,14.79,14.46,14.57,14.62,-0.05,-0.342,211745.29,309429.982
000888.SZ,20250611,14.24,14.72,14.23,14.62,14.28,0.34,2.381,258417.69,376159.561
000888.SZ,20250610,14.59,14.63,14.13,14.28,14.52,-0.24,-1.6529,267701.87,385317.922
000888.SZ,20250609,14.47,14.65,14.3,14.52,14.47,0.05,0.3455,270545.0,392027.074
000888.SZ,20250606,14.56,14.67,14.28,14.47,14.63,-0.16,-1.0936,258756.23,372985.495
000888.SZ,20250605,15.18,15.45,14.53,14.63,15.18,-0.55,-3.6232,584233.59,869414.316
000888.SZ,20250604,13.75,15.18,13.67,15.18,13.8,1.38,10.0,471673.03,690986.945
000888.SZ,20250603,13.36,13.8,13.24,13.8,13.36,0.44,3.2934,195980.0,266447.41
000888.SZ,20250530,13.55,13.65,13.32,13.36,13.58,-0.22,-1.62,86648.0,116739.357
000888.SZ,20250529,13.55,13.58,13.42,13.58,13.53,0.05,0.3695,92789.0,125351.805
000888.SZ,20250528,13.48,13.67,13.47,13.53,13.63,-0.1,-0.7337,74935.41,101563.9
000888.SZ,20250527,13.46,13.74,13.43,13.63,13.48,0.15,1.1128,134179.0,182861.168
000888.SZ,20250526,13.29,13.49,13.21,13.48,13.21,0.27,2.0439,91877.0,123043.657
000888.SZ,20250523,13.36,13.43,13.18,13.21,13.38,-0.17,-1.2706,77407.22,103111.578
000888.SZ,20250522,13.4,13.5,13.25,13.38,13.43,-0.05,-0.3723,92342.68,123495.759
000888.SZ,20250521,13.48,13.55,13.41,13.43,13.55,-0.12,-0.8856,66407.0,89375.464
000888.SZ,20250520,13.5,13.61,13.43,13.55,13.46,0.09,0.6686,100508.0,136035.766
000888.SZ,20250519,13.29,13.67,13.25,13.46,13.24,0.22,1.6616,160586.01,216471.104
000888.SZ,20250516,13.19,13.28,13.14,13.24,13.13,0.11,0.8378,71328.0,94219.827
000888.SZ,20250515,13.39,13.47,13.12,13.13,13.39,-0.26,-1.9417,105300.0,139848.208
000888.SZ,20250514,13.58,13.58,13.33,13.39,13.59,-0.2,-1.4717,122560.96,164080.595
000888.SZ,20250513,13.4,13.62,13.35,13.59,13.36,0.23,1.7216,181156.0,245299.073
000888.SZ,20250512,13.29,13.36,13.19,13.36,13.28,0.08,0.6024,96454.7,128300.868
000888.SZ,20250509,13.27,13.38,13.22,13.28,13.27,0.01,0.0754,95622.65,127140.608
000888.SZ,20250508,13.46,13.47,13.27,13.27,13.46,-0.19,-1.4116,142595.27,190305.247
000888.SZ,20250507,13.53,13.65,13.38,13.46,13.41,0.05,0.3729,130835.95,176379.276
000888.SZ,20250506,13.53,13.56,13.08,13.41,13.5,-0.09,-0.6667,201855.95,267572.623
000888.SZ,20250430,13.58,13.68,13.42,13.5,13.66,-0.16,-1.1713,140583.69,190281.496
000888.SZ,20250429,13.6,13.8,13.52,13.66,13.7,-0.04,-0.292,112782.76,154306.128
000888.SZ,20250428,14.4,14.4,13.64,13.7,14.4,-0.7,-4.8611,245386.97,338585.938
000888.SZ,20250425,14.14,14.55,14.05,14.4,14.06,0.34,2.4182,257584.41,370747.89
000888.SZ,20250424,14.18,14.31,14.01,14.06,14.18,-0.12,-0.8463,145507.0,205492.408
000888.SZ,20250423,14.28,14.38,14.07,14.18,14.28,-0.1,-0.7003,177071.66,251507.253
000888.SZ,20250422,14.5,14.54,14.01,14.28,14.5,-0.22,-1.5172,285162.44,406103.24
000888.SZ,20250421,14.41,14.7,14.2,14.5,14.71,-0.21,-1.4276,259938.41,375104.383
000888.SZ,20250418,15.3,15.31,14.71,14.71,15.43,-0.72,-4.6662,320660.06,478867.315
000888.SZ,20250417,15.15,15.62,14.9,15.43,15.25,0.18,1.1803,423206.49,648405.428
000888.SZ,20250416,14.73,15.53,14.62,15.25,14.89,0.36,2.4177,425253.15,645835.403
000888.SZ,20250415,14.97,15.08,14.75,14.89,15.13,-0.24,-1.5863,241333.28,359097.833
000888.SZ,20250414,14.61,15.25,14.56,15.13,14.68,0.45,3.0654,435311.26,652961.27
000888.SZ,20250411,14.89,15.08,14.56,14.68,15.08,-0.4,-2.6525,388228.9,573490.98
000888.SZ,20250410,14.2,15.17,14.2,15.08,14.42,0.66,4.577,534050.65,793835.245
000888.SZ,20250409,13.53,14.46,12.88,14.42,13.87,0.55,3.9654,492300.4,675944.362
000888.SZ,20250408,13.9,14.25,13.68,13.87,13.68,0.19,1.3889,422045.95,589061.708
000888.SZ,20250407,13.99,14.77,13.39,13.68,14.87,-1.19,-8.0027,470798.36,656777.006
000888.SZ,20250403,14.22,15.07,14.14,14.87,14.39,0.48,3.3356,488505.36,719212.807
000888.SZ,20250402,14.13,14.54,14.0,14.39,14.11,0.28,1.9844,307529.78,440767.176
000888.SZ,20250401,14.0,14.35,13.93,14.11,13.89,0.22,1.5839,270606.8,383345.035
000888.SZ,20250331,14.23,14.36,13.71,13.89,14.31,-0.42,-2.935,348344.02,485831.652
000888.SZ,20250328,14.68,15.06,14.21,14.31,14.8,-0.49,-3.3108,508944.19,741754.466
000888.SZ,20250327,15.41,16.11,14.8,14.8,15.52,-0.72,-4.6392,592954.01,919636.694
000888.SZ,20250326,15.03,16.5,14.8,15.52,15.7,-0.18,-1.1465,653593.8,1014146.96
000888.SZ,20250325,15.29,15.99,14.55,15.7,15.05,0.65,4.3189,802691.85,1216120.496
000888.SZ,20250324,13.99,15.05,13.95,15.05,13.68,1.37,10.0146,330468.69,488596.705
000888.SZ,20250321,13.41,13.77,13.41,13.68,13.57,0.11,0.8106,185062.3,251883.454
000888.SZ,20250320,13.53,13.88,13.51,13.57,13.46,0.11,0.8172,248262.97,339237.792
000888.SZ,20250319,13.36,14.18,13.23,13.46,13.19,0.27,2.047,362188.9,492844.608
000888.SZ,20250318,13.13,13.25,12.97,13.19,13.1,0.09,0.687,137232.66,180057.636
000888.SZ,20250317,13.1,13.28,12.96,13.1,12.97,0.13,1.0023,153465.0,200876.193
000888.SZ,20250314,12.75,12.97,12.75,12.97,12.69,0.28,2.2065,175895.99,226645.053
000888.SZ,20250313,12.63,12.72,12.53,12.69,12.67,0.02,0.1579,86909.0,109694.02
000888.SZ,20250312,12.72,12.86,12.6,12.67,12.7,-0.03,-0.2362,118740.4,150947.763
000888.SZ,20250311,12.5,12.72,12.48,12.7,12.61,0.09,0.7137,126767.0,160243.984
000888.SZ,20250310,12.43,12.63,12.35,12.61,12.42,0.19,1.5298,105104.88,131252.315
000888.SZ,20250307,12.5,12.72,12.4,12.42,12.53,-0.11,-0.8779,161529.26,202706.608
000888.SZ,20250306,12.41,12.54,12.39,12.53,12.45,0.08,0.6426,85834.0,107096.915
000888.SZ,20250305,12.49,12.51,12.32,12.45,12.5,-0.05,-0.4,82646.81,102424.351
000888.SZ,20250304,12.33,12.59,12.32,12.5,12.39,0.11,0.8878,109965.63,137315.316
000888.SZ,20250303,12.3,12.63,12.28,12.39,12.3,0.09,0.7317,153438.0,191413.571
000888.SZ,20250228,12.26,12.5,12.16,12.3,12.28,0.02,0.1629,142510.0,176194.951
000888.SZ,20250227,12.12,12.32,12.12,12.28,12.17,0.11,0.9039,98912.29,121027.512
000888.SZ,20250226,12.12,12.31,12.09,12.17,12.1,0.07,0.5785,93837.0,114109.015
000888.SZ,20250225,12.35,12.4,12.09,12.1,12.41,-0.31,-2.498,122108.99,149512.377
000888.SZ,20250224,12.42,12.73,12.34,12.41,12.42,-0.01,-0.0805,158675.0,198608.1
000888.SZ,20250221,12.35,12.42,12.24,12.42,12.35,0.07,0.5668,71901.74,88728.764
000888.SZ,20250220,12.21,12.52,12.15,12.35,12.19,0.16,1.3126,115199.46,142544.3
000888.SZ,20250219,12.06,12.19,12.04,12.19,12.1,0.09,0.7438,80148.46,97175.26
000888.SZ,20250218,12.4,12.4,12.02,12.1,12.4,-0.3,-2.4194,98681.57,120319.944
000888.SZ,20250217,12.5,12.62,12.34,12.4,12.52,-0.12,-0.9585,93165.0,115923.115
000888.SZ,20250214,12.61,12.62,12.48,12.52,12.62,-0.1,-0.7924,72127.31,90325.538
000888.SZ,20250213,12.63,12.75,12.59,12.62,12.71,-0.09,-0.7081,90293.36,114333.025
000888.SZ,20250212,12.71,12.87,12.61,12.71,12.75,-0.04,-0.3137,114285.0,145077.724
000888.SZ,20250211,12.81,12.86,12.63,12.75,12.81,-0.06,-0.4684,77068.0,98076.617
000888.SZ,20250210,12.66,12.86,12.61,12.81,12.66,0.15,1.1848,137607.31,175587.424
000888.SZ,20250207,12.64,12.8,12.47,12.66,12.63,0.03,0.2375,112894.31,142964.086
000888.SZ,20250206,12.49,12.68,12.4,12.63,12.49,0.14,1.1209,84057.0,105892.926
000888.SZ,20250205,12.76,12.83,12.34,12.49,12.73,-0.24,-1.8853,93602.0,116703.561
000888.SZ,20250127,12.84,12.98,12.71,12.73,12.78,-0.05,-0.3912,72280.12,92881.405
000888.SZ,20250124,12.5,12.78,12.4,12.78,12.44,0.34,2.7331,77444.12,97719.52
000888.SZ,20250123,12.53,12.62,12.4,12.44,12.4,0.04,0.3226,72010.1,89956.035
000888.SZ,20250122,12.76,12.79,12.37,12.4,12.79,-0.39,-3.0493,67101.12,84020.425
000888.SZ,20250121,12.83,12.98,12.65,12.79,12.86,-0.07,-0.5443,59728.28,76273.944
000888.SZ,20250120,12.87,13.14,12.8,12.86,12.82,0.04,0.312,94214.04,122208.717
000888.SZ,20250117,12.57,12.91,12.46,12.82,12.63,0.19,1.5044,94090.19,119927.645
000888.SZ,20250116,12.63,12.92,12.51,12.63,12.56,0.07,0.5573,102961.76,130687.731
000888.SZ,20250115,12.4,12.78,12.35,12.56,12.41,0.15,1.2087,100911.4,127390.861
000888.SZ,20250114,12.22,12.45,12.07,12.41,12.04,0.37,3.0731,95450.28,117324.75
000888.SZ,20250113,12.1,12.16,11.81,12.04,12.26,-0.22,-1.7945,93250.64,111999.144
000888.SZ,20250110,12.7,12.74,12.2,12.26,12.7,-0.44,-3.4646,90703.28,113137.627
000888.SZ,20250109,12.7,12.88,12.65,12.7,12.77,-0.07,-0.5482,65512.0,83502.792
000888.SZ,20250108,12.76,12.86,12.52,12.77,12.88,-0.11,-0.854,71138.12,90449.838
000888.SZ,20250107,12.6,12.88,12.59,12.88,12.6,0.28,2.2222,70568.92,89744.151
000888.SZ,20250106,12.51,12.77,12.26,12.6,12.66,-0.06,-0.4739,106729.0,133638.601
000888.SZ,20250103,13.34,13.48,12.54,12.66,13.33,-0.67,-5.0263,145891.12,188236.569
000888.SZ,20250102,13.14,13.72,13.1,13.33,13.23,0.1,0.7559,183892.46,247841.355
000888.SZ,20241231,13.46,13.65,13.11,13.23,13.45,-0.22,-1.6357,120714.0,160745.976
000888.SZ,20241230,13.87,13.9,13.35,13.45,13.9,-0.45,-3.2374,130731.42,176567.261
000888.SZ,20241227,13.75,14.06,13.71,13.9,13.82,0.08,0.5789,115725.4,161093.526
000888.SZ,20241226,13.76,13.94,13.72,13.82,13.8,0.02,0.1449,97567.97,134762.993
000888.SZ,20241225,13.78,13.97,13.38,13.8,13.85,-0.05,-0.361,146262.4,200211.758
000888.SZ,20241224,13.29,13.85,13.26,13.85,13.29,0.56,4.2137,141912.54,192917.691
000888.SZ,20241223,13.64,13.88,13.19,13.29,13.62,-0.33,-2.4229,166381.4,225572.064
000888.SZ,20241220,13.65,13.93,13.51,13.62,13.65,-0.03,-0.2198,162138.0,222176.144
000888.SZ,20241219,13.6,13.75,13.33,13.65,13.74,-0.09,-0.655,136381.0,184927.333
000888.SZ,20241218,13.83,13.97,13.67,13.74,13.84,-0.1,-0.7225,141468.16,195352.721
000888.SZ,20241217,14.35,14.38,13.66,13.84,14.5,-0.66,-4.5517,283050.06,395092.882
000888.SZ,20241216,14.61,14.9,14.3,14.5,14.5,0.0,0.0,348469.18,508076.616
000888.SZ,20241213,14.27,15.09,14.18,14.5,14.41,0.09,0.6246,364921.43,531258.708
000888.SZ,20241212,13.78,14.48,13.74,14.41,13.82,0.59,4.2692,291465.87,413244.461
000888.SZ,20241211,13.49,13.83,13.48,13.82,13.53,0.29,2.1434,143886.12,197198.979
000888.SZ,20241210,13.52,13.85,13.45,13.53,13.23,0.3,2.2676,224861.3,306849.106
000888.SZ,20241209,13.5,13.54,13.14,13.23,13.48,-0.25,-1.8546,118379.38,157710.254
000888.SZ,20241206,13.33,13.59,13.21,13.48,13.27,0.21,1.5825,174761.16,234692.849
000888.SZ,20241205,13.13,13.41,13.06,13.27,13.2,0.07,0.5303,122169.0,161388.077
000888.SZ,20241204,13.31,13.6,13.06,13.2,13.45,-0.25,-1.8587,155472.16,207357.561
000888.SZ,20241203,13.27,13.68,13.14,13.45,13.2,0.25,1.8939,245589.92,331153.607
000888.SZ,20241202,12.86,13.28,12.83,13.2,12.86,0.34,2.6439,170260.66,223025.727
000888.SZ,20241129,12.78,12.94,12.71,12.86,12.78,0.08,0.626,96169.26,123525.589
000888.SZ,20241128,12.85,13.15,12.73,12.78,12.93,-0.15,-1.1601,131813.67,170609.92
000888.SZ,20241127,12.64,13.06,12.46,12.93,12.65,0.28,2.2134,204401.6,263189.276
000888.SZ,20241126,12.48,12.84,12.42,12.65,12.55,0.1,0.7968,100847.76,127347.338
000888.SZ,20241125,12.3,12.66,12.3,12.55,12.31,0.24,1.9496,104209.07,130458.859
000888.SZ,20241122,12.73,12.79,12.26,12.31,12.78,-0.47,-3.6776,110021.22,138237.546
000888.SZ,20241121,12.72,12.86,12.67,12.78,12.81,-0.03,-0.2342,82826.12,105665.45
000888.SZ,20241120,12.7,12.87,12.65,12.81,12.77,0.04,0.3132,108384.66,138322.862
000888.SZ,20241119,12.58,12.81,12.5,12.77,12.53,0.24,1.9154,107192.57,135640.965
000888.SZ,20241118,12.9,12.97,12.42,12.53,12.88,-0.35,-2.7174,153189.25,193781.797
000888.SZ,20241115,13.16,13.4,12.87,12.88,13.24,-0.36,-2.719,165043.62,216859.469
000888.SZ,20241114,13.44,13.79,13.2,13.24,13.44,-0.2,-1.4881,224969.99,302201.058
000888.SZ,20241113,14.23,14.23,13.01,13.44,14.07,-0.63,-4.4776,414500.78,553672.699
000888.SZ,20241112,13.81,14.31,13.81,14.07,13.87,0.2,1.442,280167.62,394085.484
000888.SZ,20241111,13.71,13.89,13.66,13.87,13.91,-0.04,-0.2876,205757.46,283406.139
000888.SZ,20241108,13.98,14.31,13.6,13.91,13.98,-0.07,-0.5007,377071.73,523081.233
000888.SZ,20241107,13.34,14.04,13.28,13.98,13.45,0.53,3.9405,414472.51,571884.18
000888.SZ,20241106,13.22,13.5,13.19,13.45,13.29,0.16,1.2039,251534.54,336326.789
000888.SZ,20241105,13.03,13.32,12.96,13.29,13.12,0.17,1.2957,228757.26,301763.006
000888.SZ,20241104,13.01,13.17,12.82,13.12,13.06,0.06,0.4594,176710.61,229770.27
000888.SZ,20241101,13.13,13.41,12.95,13.06,13.24,-0.18,-1.3595,224043.51,294992.628
000888.SZ,20241031,13.12,13.33,12.85,13.24,13.17,0.07,0.5315,198186.43,259616.342
000888.SZ,20241030,13.1,13.23,12.93,13.17,13.24,-0.07,-0.5287,183756.46,240332.114
000888.SZ,20241029,13.41,13.73,13.2,13.24,13.46,-0.22,-1.6345,276672.73,371025.05
000888.SZ,20241028,13.5,13.56,13.2,13.46,13.46,0.0,0.0,238822.94,319227.478
000888.SZ,20241025,13.04,13.56,12.99,13.46,12.94,0.52,4.0185,336317.84,449583.096
000888.SZ,20241024,12.92,13.12,12.88,12.94,13.09,-0.15,-1.1459,139448.0,180942.001
000888.SZ,20241023,13.3,13.6,13.04,13.09,13.28,-0.19,-1.4307,282160.0,374732.423
000888.SZ,20241022,13.1,13.58,12.9,13.28,13.24,0.04,0.3021,294418.28,391477.811
000888.SZ,20241021,12.49,13.61,12.48,13.24,12.54,0.7,5.5821,547144.16,721286.873
000888.SZ,20241018,12.29,12.7,12.26,12.54,12.4,0.14,1.129,255491.8,319284.152
000888.SZ,20241017,12.64,12.64,12.35,12.4,12.9,-0.5,-3.876,298493.37,373186.796
000888.SZ,20241016,12.1,13.16,12.03,12.9,12.28,0.62,5.0489,412615.0,526404.87
000888.SZ,20241015,12.44,12.49,12.26,12.28,12.5,-0.22,-1.76,152829.95,188672.458
000888.SZ,20241014,12.38,12.55,12.22,12.5,12.41,0.09,0.7252,158264.84,196581.896
000888.SZ,20241011,12.44,12.69,12.21,12.41,12.58,-0.17,-1.3514,177681.9,220665.055
000888.SZ,20241010,12.15,12.76,12.05,12.58,12.25,0.33,2.6939,278228.94,345814.398
000888.SZ,20241009,13.2,13.2,12.25,12.25,13.61,-1.36,-9.9927,419394.4,526275.399
000888.SZ,20241008,15.49,15.49,13.19,13.61,14.14,-0.53,-3.7482,793364.21,1117546.971
000888.SZ,20240930,13.17,14.14,12.85,14.14,12.85,1.29,10.0389,622503.56,840886.386
000888.SZ,20240927,12.56,12.88,12.16,12.85,12.4,0.45,3.629,464717.58,580327.322
000888.SZ,20240926,11.92,12.43,11.87,12.4,12.06,0.34,2.8192,307191.23,373157.253
000888.SZ,20240925,11.77,12.25,11.65,12.06,11.74,0.32,2.7257,321940.29,385429.77
000888.SZ,20240924,11.41,11.76,11.38,11.74,11.4,0.34,2.9825,202021.82,233808.685
000888.SZ,20240923,11.34,11.44,11.18,11.4,11.4,0.0,0.0,89044.81,101159.104
000888.SZ,20240920,11.46,11.5,11.28,11.4,11.53,-0.13,-1.1275,107420.0,122430.427
000888.SZ,20240919,11.4,11.6,11.36,11.53,11.47,0.06,0.5231,134545.0,154499.113
000888.SZ,20240918,11.11,11.56,10.88,11.47,11.08,0.39,3.5199,172389.67,193573.913
000888.SZ,20240913,11.34,11.38,11.07,11.08,11.33,-0.25,-2.2065,109170.86,122085.297
000888.SZ,20240912,11.33,11.48,11.3,11.33,11.3,0.03,0.2655,96363.37,109602.839
000888.SZ,20240911,11.6,11.64,11.23,11.3,11.73,-0.43,-3.6658,140751.89,160882.17
000888.SZ,20240910,12.07,12.1,11.5,11.73,11.99,-0.26,-2.1685,169272.94,197753.801
000888.SZ,20240909,12.19,12.31,11.94,11.99,12.18,-0.19,-1.5599,174589.56,211010.163
000888.SZ,20240906,12.15,12.4,12.15,12.18,12.25,-0.07,-0.5714,182485.95,223456.04
000888.SZ,20240905,11.89,12.28,11.89,12.25,11.85,0.4,3.3755,241367.01,293177.311
000888.SZ,20240904,11.53,12.19,11.52,11.85,11.6,0.25,2.1552,216447.17,258121.835
000888.SZ,20240903,11.49,11.73,11.47,11.6,11.5,0.1,0.8696,90364.99,104863.741
000888.SZ,20240902,11.55,11.9,11.5,11.5,11.56,-0.06,-0.519,140653.99,164565.673
000888.SZ,20240830,11.21,11.75,11.16,11.56,11.2,0.36,3.2143,179883.99,206907.056
000888.SZ,20240829,11.01,11.45,10.76,11.2,11.16,0.04,0.3584,200230.32,221443.715
000888.SZ,20240828,11.79,11.83,11.13,11.16,11.75,-0.59,-5.0213,233292.96,266902.294
000888.SZ,20240827,11.69,11.97,11.65,11.75,11.77,-0.02,-0.1699,118914.32,140696.762
000888.SZ,20240826,11.68,11.93,11.51,11.77,12.02,-0.25,-2.0799,151894.33,178405.835
000888.SZ,20240823,11.75,12.04,11.6,12.02,11.83,0.19,1.6061,170350.0,202081.656
000888.SZ,20240822,12.02,12.19,11.81,11.83,12.09,-0.26,-2.1505,160783.54,192818.352
000888.SZ,20240821,11.93,12.11,11.87,12.09,11.98,0.11,0.9182,157339.57,189193.447
000888.SZ,20240820,12.03,12.18,11.73,11.98,12.1,-0.12,-0.9917,173428.5,207066.611
000888.SZ,20240819,11.78,12.18,11.78,12.1,11.83,0.27,2.2823,221439.6,265652.588
000888.SZ,20240816,11.66,11.97,11.52,11.83,11.74,0.09,0.7666,234992.34,276568.964
000888.SZ,20240815,11.36,11.86,11.23,11.74,11.4,0.34,2.9825,278609.15,322936.79
000888.SZ,20240814,11.54,11.72,11.4,11.4,11.58,-0.18,-1.5544,163813.01,189543.372
000888.SZ,20240813,11.57,11.6,11.37,11.58,11.48,0.1,0.8711,130704.01,150284.413
000888.SZ,20240812,11.9,11.94,11.42,11.48,11.9,-0.42,-3.5294,247931.99,286122.1
000888.SZ,20240809,12.17,12.39,11.9,11.9,12.28,-0.38,-3.0945,415808.21,503727.796
000888.SZ,20240808,12.3,13.19,12.19,12.28,12.43,-0.15,-1.2068,578001.72,730304.732
000888.SZ,20240807,12.66,12.67,12.19,12.43,12.9,-0.47,-3.6434,485038.0,601140.946
000888.SZ,20240806,11.92,13.19,11.86,12.9,12.07,0.83,6.8766,696456.26,873682.434
000888.SZ,20240805,11.78,12.22,11.58,12.07,11.57,0.5,4.3215,581326.29,694015.216
000888.SZ,20240802,11.54,11.73,11.48,11.57,11.55,0.02,0.1732,226944.11,263494.658
000888.SZ,20240801,11.52,11.67,11.48,11.55,11.68,-0.13,-1.113,254496.01,293994.587
000888.SZ,20240731,11.03,12.01,11.03,11.68,11.01,0.67,6.0854,436583.78,507554.033
000888.SZ,20240730,10.93,11.09,10.88,11.01,11.04,-0.03,-0.2717,104830.29,115165.656
000888.SZ,20240729,11.31,11.4,11.0,11.04,11.29,-0.25,-2.2143,192477.69,214079.158
000888.SZ,20240726,11.05,11.34,10.99,11.29,10.99,0.3,2.7298,183745.89,206647.235
000888.SZ,20240725,11.01,11.23,10.73,10.99,11.13,-0.14,-1.2579,162743.55,179055.064
000888.SZ,20240724,11.02,11.38,11.02,11.13,11.09,0.04,0.3607,252235.1,283156.807
000888.SZ,20240723,10.97,11.36,10.97,11.09,10.99,0.1,0.9099,250282.26,280363.571
000888.SZ,20240722,10.75,11.09,10.73,10.99,10.86,0.13,1.1971,116076.04,126830.713
000888.SZ,20240719,10.8,10.93,10.7,10.86,10.93,-0.07,-0.6404,118263.11,127910.766
000888.SZ,20240718,10.79,11.0,10.51,10.93,10.97,-0.04,-0.3646,196514.33,211196.714
000888.SZ,20240717,11.0,11.25,10.82,10.97,11.15,-0.18,-1.6143,173918.59,191378.554
000888.SZ,20240716,11.3,11.48,11.05,11.15,10.91,0.24,2.1998,237416.92,266830.18
000888.SZ,20240715,11.14,11.18,10.88,10.91,11.23,-0.32,-2.8495,118567.39,130231.935
000888.SZ,20240712,11.2,11.49,11.17,11.23,11.18,0.05,0.4472,206478.75,233743.569
000888.SZ,20240711,10.9,11.3,10.85,11.18,10.75,0.43,4.0,190569.4,211162.543
000888.SZ,20240710,10.95,11.07,10.73,10.75,11.08,-0.33,-2.9783,122162.91,132944.216
000888.SZ,20240709,10.94,11.08,10.71,11.08,10.88,0.2,1.8382,131078.94,143319.094
000888.SZ,20240708,11.13,11.21,10.85,10.88,11.05,-0.17,-1.5385,101321.72,111860.568
000888.SZ,20240705,10.98,11.09,10.69,11.05,10.89,0.16,1.4692,108520.57,118654.9
000888.SZ,20240704,11.2,11.3,10.85,10.89,11.34,-0.45,-3.9683,176595.95,194813.506
000888.SZ,20240703,11.43,11.59,11.31,11.34,11.42,-0.08,-0.7005,196912.25,225475.218
000888.SZ,20240702,11.3,11.53,11.26,11.42,11.39,0.03,0.2634,191678.99,218710.896
000888.SZ,20240701,10.9,11.45,10.86,11.39,10.89,0.5,4.5914,256523.42,288378.573
000888.SZ,20240628,10.5,10.96,10.5,10.89,10.59,0.3,2.8329,187970.95,203844.743
000888.SZ,20240627,10.56,10.85,10.56,10.59,10.67,-0.08,-0.7498,144726.16,155095.371
000888.SZ,20240626,10.56,10.7,10.38,10.67,10.75,-0.08,-0.7442,145496.02,153252.336
000888.SZ,20240625,10.57,10.89,10.41,10.75,10.38,0.37,3.5645,206789.96,219842.618
000888.SZ,20240624,10.74,10.85,10.32,10.38,10.94,-0.56,-5.1188,164602.24,173287.089
000888.SZ,20240621,10.91,11.15,10.85,10.94,10.94,0.0,0.0,89276.0,98168.299
000888.SZ,20240620,11.28,11.36,10.94,10.94,11.36,-0.42,-3.6972,150439.86,166694.507
000888.SZ,20240619,11.3,11.42,11.17,11.36,11.31,0.05,0.4421,136807.84,154573.845
000888.SZ,20240618,11.25,11.37,11.25,11.31,11.3,0.01,0.0885,89432.51,101049.088
000888.SZ,20240617,11.21,11.38,11.2,11.3,11.33,-0.03,-0.2648,111230.1,125534.603
000888.SZ,20240614,11.11,11.5,11.09,11.33,11.15,0.18,1.6143,180319.2,204596.129
000888.SZ,20240613,11.18,11.27,11.13,11.15,11.19,-0.04,-0.3575,110411.0,123513.817
000888.SZ,20240612,10.93,11.28,10.92,11.19,10.92,0.27,2.4725,163660.39,181864.826
000888.SZ,20240611,11.24,11.28,10.95,11.12,11.34,-0.22,-1.94,136765.0,151285.982
000888.SZ,20240607,11.2,11.45,11.08,11.34,11.13,0.21,1.8868,169653.0,190889.04
000888.SZ,20240606,11.61,11.7,10.94,11.13,11.59,-0.46,-3.9689,295706.25,331796.226
000888.SZ,20240605,11.75,11.95,11.57,11.59,11.85,-0.26,-2.1941,161609.0,190297.614
000888.SZ,20240604,11.66,11.93,11.35,11.85,11.75,0.1,0.8511,208164.02,244550.313
000888.SZ,20240603,11.99,12.0,11.58,11.75,12.02,-0.27,-2.2463,218321.06,256964.73
000888.SZ,20240531,12.1,12.21,11.95,12.02,12.14,-0.12,-0.9885,189040.16,228069.403
000888.SZ,20240530,12.22,12.26,12.05,12.14,12.38,-0.24,-1.9386,261437.76,317348.177
000888.SZ,20240529,11.72,12.59,11.66,12.38,11.81,0.57,4.8264,500085.52,608863.452
000888.SZ,20240528,11.67,12.04,11.61,11.81,11.8,0.01,0.0847,255954.22,301787.489
000888.SZ,20240527,11.73,11.87,11.54,11.8,11.56,0.24,2.0761,232829.74,273247.834
000888.SZ,20240524,11.62,11.78,11.55,11.56,11.62,-0.06,-0.5164,221797.1,258367.315
000888.SZ,20240523,12.16,12.16,11.6,11.62,12.36,-0.74,-5.9871,446942.91,525800.85
000888.SZ,20240522,12.76,12.9,12.28,12.36,12.97,-0.61,-4.7032,584239.7,729191.235
000888.SZ,20240521,12.54,13.59,12.48,12.97,12.9,0.07,0.5426,766361.08,1000231.562
000888.SZ,20240520,12.63,13.34,12.32,12.9,12.13,0.77,6.3479,929778.85,1187878.543
000888.SZ,20240517,12.37,12.38,11.96,12.13,12.29,-0.16,-1.3019,369737.2,446992.173
000888.SZ,20240516,11.84,12.44,11.78,12.29,11.78,0.51,4.3294,550062.52,669879.3
000888.SZ,20240515,11.75,11.96,11.53,11.78,11.76,0.02,0.1701,273420.0,320962.609
000888.SZ,20240514,11.6,11.84,11.52,11.76,11.52,0.24,2.0833,315702.08,370302.296
000888.SZ,20240513,11.55,11.75,11.11,11.52,11.77,-0.25,-2.124,393565.39,450134.342
000888.SZ,20240510,11.45,11.86,11.41,11.77,11.48,0.29,2.5261,557799.33,651089.316
000888.SZ,20240509,11.36,11.52,11.33,11.48,11.39,0.09,0.7902,244595.12,279849.226
000888.SZ,20240508,11.54,11.68,11.28,11.39,11.61,-0.22,-1.8949,289465.7,329929.181
000888.SZ,20240507,11.51,11.64,11.38,11.61,11.53,0.08,0.6938,375820.69,433551.869
000888.SZ,20240506,11.79,11.9,11.46,11.53,11.93,-0.4,-3.3529,499945.38,578706.246
000888.SZ,20240430,12.8,12.84,11.84,11.93,12.84,-0.91,-7.0872,631149.04,764711.477
000888.SZ,20240429,12.63,12.87,12.22,12.84,12.71,0.13,1.0228,597637.43,753244.971
000888.SZ,20240426,12.45,12.87,12.45,12.71,12.48,0.23,1.8429,642035.72,814683.858
000888.SZ,20240425,12.4,12.89,11.88,12.48,12.76,-0.28,-2.1944,662714.55,828281.855
000888.SZ,20240424,12.28,12.84,12.27,12.76,12.5,0.26,2.08,614227.43,775362.99
000888.SZ,20240423,13.33,13.49,12.5,12.5,13.89,-1.39,-10.0072,782017.95,1014259.07
000888.SZ,20240422,14.01,14.78,12.83,13.89,14.25,-0.36,-2.5263,1153397.84,1567282.912
000888.SZ,20240419,13.71,14.8,13.45,14.25,13.95,0.3,2.1505,1066018.39,1505204.026
000888.SZ,20240418,12.9,14.43,12.86,13.95,13.34,0.61,4.5727,1100280.92,1518699.617
000888.SZ,20240417,13.31,14.0,12.22,13.34,13.34,0.0,0.0,1073564.36,1431791.311
000888.SZ,20240416,14.2,15.21,13.28,13.34,14.75,-1.41,-9.5593,1231163.39,1712721.867
000888.SZ,20240415,15.4,16.11,14.2,14.75,14.71,0.04,0.2719,1420367.66,2161957.401
000888.SZ,20240412,13.07,14.71,12.89,14.71,13.37,1.34,10.0224,1038743.1,1450203.751
000888.SZ,20240411,11.93,13.37,11.55,13.37,12.15,1.22,10.0412,934016.16,1173442.297
000888.SZ,20240410,11.63,12.83,11.36,12.15,11.66,0.49,4.2024,989297.25,1205879.951
000888.SZ,20240409,10.5,11.66,10.49,11.66,10.6,1.06,10.0,449771.17,515536.415
000888.SZ,20240408,10.44,10.61,10.3,10.6,10.44,0.16,1.5326,190838.9,200238.76
000888.SZ,20240403,10.33,10.46,10.2,10.44,10.4,0.04,0.3846,113483.45,117457.483
000888.SZ,20240402,10.39,10.54,10.31,10.4,10.46,-0.06,-0.5736,137456.7,143146.592
000888.SZ,20240401,10.28,10.47,10.08,10.46,10.3,0.16,1.5534,177018.81,181452.675
000888.SZ,20240329,10.07,10.3,10.04,10.3,10.1,0.2,1.9802,107271.71,109250.111
000888.SZ,20240328,9.9,10.16,9.9,10.1,9.93,0.17,1.712,61451.0,61842.7
000888.SZ,20240327,10.07,10.27,9.92,9.93,10.15,-0.22,-2.1675,64692.28,65276.277
000888.SZ,20240326,10.02,10.15,9.85,10.15,10.04,0.11,1.0956,73998.13,74255.589
000888.SZ,20240325,10.11,10.29,9.99,10.04,10.17,-0.13,-1.2783,75790.07,76712.774
000888.SZ,20240322,10.28,10.34,10.11,10.17,10.33,-0.16,-1.5489,60769.4,62007.13
000888.SZ,20240321,10.16,10.43,10.16,10.33,10.14,0.19,1.8738,93454.29,96235.877
000888.SZ,20240320,10.05,10.34,10.05,10.14,10.03,0.11,1.0967,77422.45,78835.127
000888.SZ,20240319,10.19,10.28,10.03,10.03,10.24,-0.21,-2.0508,72695.11,73601.04
000888.SZ,20240318,10.17,10.3,10.13,10.24,10.24,0.0,0.0,72102.91,73556.595
000888.SZ,20240315,10.14,10.37,10.09,10.24,10.16,0.08,0.7874,78149.12,79784.77
000888.SZ,20240314,9.97,10.48,9.94,10.16,10.01,0.15,1.4985,127588.74,130541.935
000888.SZ,20240313,9.91,10.13,9.86,10.01,10.0,0.01,0.1,107256.56,107476.73
000888.SZ,20240312,9.75,10.03,9.68,10.0,9.73,0.27,2.7749,137066.9,135260.749
000888.SZ,20240311,9.37,9.75,9.36,9.73,9.42,0.31,3.2909,110512.37,106405.57
000888.SZ,20240308,9.45,9.46,9.3,9.42,9.55,-0.13,-1.3613,96353.18,90432.644
000888.SZ,20240307,9.12,9.65,9.09,9.55,9.14,0.41,4.4858,180816.0,170053.604
000888.SZ,20240306,8.99,9.16,8.94,9.14,9.03,0.11,1.2182,89973.23,81448.686
000888.SZ,20240305,8.93,9.21,8.89,9.03,9.0,0.03,0.3333,96006.24,87143.608
000888.SZ,20240304,9.02,9.1,8.86,9.0,9.08,-0.08,-0.8811,65921.0,59075.843
000888.SZ,20240301,9.07,9.09,8.89,9.08,9.0,0.08,0.8889,80480.19,72436.221
000888.SZ,20240229,8.83,9.03,8.77,9.0,8.87,0.13,1.4656,114961.52,102296.688
000888.SZ,20240228,9.18,9.36,8.87,8.87,9.19,-0.32,-3.482,125423.4,115185.366
000888.SZ,20240227,9.09,9.19,9.0,9.19,9.09,0.1,1.1001,85028.76,77505.298
000888.SZ,20240226,9.09,9.21,9.01,9.09,9.15,-0.06,-0.6557,101001.2,92088.575
000888.SZ,20240223,9.1,9.17,9.0,9.15,9.11,0.04,0.4391,86675.0,78880.865
000888.SZ,20240222,9.0,9.24,8.97,9.11,9.04,0.07,0.7743,99350.31,90551.877
000888.SZ,20240221,8.93,9.16,8.88,9.04,9.0,0.04,0.4444,110629.21,100186.386
000888.SZ,20240220,9.01,9.04,8.8,9.0,9.08,-0.08,-0.8811,123516.11,110050.998
000888.SZ,20240219,9.25,9.29,8.98,9.08,8.88,0.2,2.2523,160783.12,146493.934
000888.SZ,20240208,8.15,8.88,8.11,8.88,8.11,0.77,9.4945,173557.27,147692.46
000888.SZ,20240207,8.11,8.39,8.03,8.11,8.24,-0.13,-1.5777,155570.69,127080.218
000888.SZ,20240206,7.91,8.46,7.47,8.24,8.11,0.13,1.603,157869.59,125485.127
000888.SZ,20240205,8.84,8.85,8.1,8.11,9.0,-0.89,-9.8889,176437.82,146814.214
000888.SZ,20240202,8.84,9.34,8.75,9.0,8.83,0.17,1.9253,163041.17,147470.308
000888.SZ,20240201,9.0,9.09,8.75,8.83,9.11,-0.28,-3.0735,132468.64,117880.557
000888.SZ,20240131,9.3,9.54,9.04,9.11,9.85,-0.74,-7.5127,210847.29,196400.819
000888.SZ,20240130,9.8,10.26,9.63,9.85,9.91,-0.06,-0.6054,156221.59,155959.516
000888.SZ,20240129,9.99,10.03,9.71,9.91,10.0,-0.09,-0.9,135072.0,133544.986
000888.SZ,20240126,9.94,10.16,9.9,10.0,10.04,-0.04,-0.3984,135349.95,136109.052
000888.SZ,20240125,9.74,10.08,9.58,10.04,9.85,0.19,1.9289,177692.89,175571.454
000888.SZ,20240124,9.7,9.92,9.48,9.85,9.72,0.13,1.3374,169050.76,163975.425
000888.SZ,20240123,9.56,9.83,9.48,9.72,9.69,0.03,0.3096,193781.31,186672.289
000888.SZ,20240122,10.3,10.33,9.59,9.69,10.38,-0.69,-6.6474,227448.79,227483.598
000888.SZ,20240119,9.9,10.55,9.83,10.38,9.96,0.42,4.2169,331535.0,340578.631
000888.SZ,20240118,10.0,10.02,9.61,9.96,10.24,-0.28,-2.7344,275513.05,271720.524
000888.SZ,20240117,10.48,10.6,10.12,10.24,10.38,-0.14,-1.3487,290231.0,297436.764
000888.SZ,20240116,10.06,10.88,9.93,10.38,10.13,0.25,2.4679,520873.33,544435.308
000888.SZ,20240115,9.58,10.2,9.55,10.13,9.59,0.54,5.6309,370835.94,368437.932
000888.SZ,20240112,9.8,9.82,9.59,9.59,9.88,-0.29,-2.9352,151760.2,146805.959
000888.SZ,20240111,9.64,10.19,9.63,9.88,9.7,0.18,1.8557,269991.64,267247.09
000888.SZ,20240110,9.69,9.81,9.5,9.7,9.83,-0.13,-1.3225,272412.2,263389.379
000888.SZ,20240109,9.37,10.03,9.36,9.83,9.26,0.57,6.1555,394902.55,385054.427
000888.SZ,20240108,9.29,9.45,9.23,9.26,9.36,-0.1,-1.0684,107373.75,100296.831
000888.SZ,20240105,9.5,9.69,9.31,9.36,9.55,-0.19,-1.9895,119461.0,113203.616
000888.SZ,20240104,9.52,9.58,9.37,9.55,9.51,0.04,0.4206,146106.96,138429.728
000888.SZ,20240103,9.24,9.54,9.22,9.51,9.25,0.26,2.8108,179181.33,167967.282
000888.SZ,20240102,8.98,9.5,8.97,9.25,8.93,0.32,3.5834,199227.28,184328.171
000888.SZ,20231229,8.77,8.95,8.75,8.93,8.8,0.13,1.4773,85623.88,75934.755
000888.SZ,20231228,8.62,8.8,8.51,8.8,8.67,0.13,1.4994,101156.46,87844.587
000888.SZ,20231227,8.46,8.69,8.46,8.67,8.48,0.19,2.2406,76047.0,65046.419
000888.SZ,20231226,8.55,8.59,8.45,8.48,8.56,-0.08,-0.9346,57368.2,48712.35
000888.SZ,20231225,8.69,8.7,8.46,8.56,8.71,-0.15,-1.7222,68960.0,59014.167
000888.SZ,20231222,8.89,8.94,8.66,8.71,8.88,-0.17,-1.9144,81857.1,71883.47
000888.SZ,20231221,8.76,8.91,8.73,8.88,8.81,0.07,0.7946,59709.0,52752.471
000888.SZ,20231220,9.06,9.14,8.8,8.81,9.08,-0.27,-2.9736,94686.0,84329.302
000888.SZ,20231219,8.86,9.16,8.84,9.08,8.88,0.2,2.2523,113444.99,102579.787
000888.SZ,20231218,9.11,9.12,8.85,8.88,9.12,-0.24,-2.6316,74319.0,66499.72
000888.SZ,20231215,9.06,9.21,9.01,9.12,9.06,0.06,0.6623,76679.0,69955.733
000888.SZ,20231214,9.0,9.18,9.0,9.06,8.98,0.08,0.8909,68453.0,62354.981
000888.SZ,20231213,9.06,9.16,8.98,8.98,9.08,-0.1,-1.1013,61119.0,55429.309
000888.SZ,20231212,8.87,9.1,8.85,9.08,8.89,0.19,2.1372,87253.26,78761.465
000888.SZ,20231211,8.74,8.9,8.69,8.89,8.8,0.09,1.0227,78633.0,69041.299
000888.SZ,20231208,8.96,8.96,8.78,8.8,8.96,-0.16,-1.7857,97820.0,86304.12
000888.SZ,20231207,9.04,9.11,8.94,8.96,9.07,-0.11,-1.2128,89762.0,80720.9
000888.SZ,20231206,9.09,9.1,8.9,9.07,9.1,-0.03,-0.3297,139949.0,125808.849
000888.SZ,20231205,9.3,9.35,9.09,9.1,9.33,-0.23,-2.4652,100333.0,92520.876
000888.SZ,20231204,9.4,9.46,9.31,9.33,9.4,-0.07,-0.7447,107035.02,100312.022
000888.SZ,20231201,9.43,9.51,9.34,9.4,9.43,-0.03,-0.3181,74517.46,70130.632
000888.SZ,20231130,9.31,9.47,9.27,9.43,9.31,0.12,1.2889,93002.99,87383.27
000888.SZ,20231129,9.34,9.4,9.3,9.31,9.38,-0.07,-0.7463,39624.0,37031.643
000888.SZ,20231128,9.26,9.39,9.17,9.38,9.31,0.07,0.7519,73655.29,68400.439
000888.SZ,20231127,9.49,9.51,9.24,9.31,9.35,-0.04,-0.4278,97336.98,90719.233
000888.SZ,20231124,9.4,9.47,9.33,9.35,9.4,-0.05,-0.5319,65636.0,61652.901
000888.SZ,20231123,9.46,9.48,9.26,9.4,9.46,-0.06,-0.6342,82938.0,77752.734
000888.SZ,20231122,9.42,9.59,9.39,9.46,9.43,0.03,0.3181,99172.97,94371.063
000888.SZ,20231121,9.39,9.56,9.39,9.43,9.4,0.03,0.3191,78566.81,74598.536
000888.SZ,20231120,9.3,9.42,9.26,9.4,9.28,0.12,1.2931,93299.37,87426.146
000888.SZ,20231117,9.27,9.33,9.18,9.28,9.3,-0.02,-0.2151,56544.0,52308.309
000888.SZ,20231116,9.28,9.39,9.23,9.3,9.28,0.02,0.2155,86549.0,80569.377
000888.SZ,20231115,9.25,9.33,9.21,9.28,9.2,0.08,0.8696,64590.0,59921.355
000888.SZ,20231114,9.23,9.28,9.16,9.2,9.24,-0.04,-0.4329,57262.34,52758.13
000888.SZ,20231113,9.21,9.31,9.19,9.24,9.21,0.03,0.3257,50331.55,46494.222
000888.SZ,20231110,9.21,9.26,9.15,9.21,9.25,-0.04,-0.4324,45923.55,42261.907
000888.SZ,20231109,9.3,9.38,9.2,9.25,9.28,-0.03,-0.3233,45400.0,42103.008
000888.SZ,20231108,9.29,9.4,9.25,9.28,9.31,-0.03,-0.3222,58086.4,54151.264
000888.SZ,20231107,9.48,9.48,9.18,9.31,9.46,-0.15,-1.5856,86945.4,80634.163
000888.SZ,20231106,9.44,9.48,9.34,9.46,9.4,0.06,0.6383,59537.46,56116.797
000888.SZ,20231103,9.35,9.43,9.31,9.4,9.35,0.05,0.5348,42620.46,40037.566
000888.SZ,20231102,9.46,9.5,9.34,9.35,9.46,-0.11,-1.1628,44791.0,42082.164
000888.SZ,20231101,9.46,9.54,9.37,9.46,9.4,0.06,0.6383,64562.0,61217.608
000888.SZ,20231031,9.58,9.6,9.35,9.4,9.52,-0.12,-1.2605,71410.92,67470.285
000888.SZ,20231030,9.55,9.7,9.48,9.52,9.57,-0.05,-0.5225,80059.9,76543.134
000888.SZ,20231027,9.52,9.64,9.41,9.57,9.45,0.12,1.2698,95128.31,90759.086
000888.SZ,20231026,9.41,9.45,9.23,9.45,9.39,0.06,0.639,63684.51,59425.015
000888.SZ,20231025,9.16,9.43,9.16,9.39,9.13,0.26,2.8478,75603.37,70699.764
000888.SZ,20231024,8.97,9.17,8.95,9.13,8.95,0.18,2.0112,55769.25,50689.631
000888.SZ,20231023,9.1,9.18,8.9,8.95,9.11,-0.16,-1.7563,55683.0,50103.892
000888.SZ,20231020,9.11,9.22,9.09,9.11,9.15,-0.04,-0.4372,50784.15,46441.466
000888.SZ,20231019,9.12,9.32,9.1,9.15,9.18,-0.03,-0.3268,56773.28,52224.909
000888.SZ,20231018,9.4,9.4,9.16,9.18,9.44,-0.26,-2.7542,67635.75,62589.183
000888.SZ,20231017,9.36,9.52,9.35,9.44,9.37,0.07,0.7471,64945.89,61241.827
000888.SZ,20231016,9.46,9.5,9.33,9.37,9.48,-0.11,-1.1603,73443.13,68992.643
000888.SZ,20231013,9.59,9.65,9.36,9.48,9.63,-0.15,-1.5576,97833.49,92741.527
000888.SZ,20231012,9.49,9.69,9.49,9.63,9.47,0.16,1.6895,80946.69,77765.947
000888.SZ,20231011,9.57,9.6,9.45,9.47,9.57,-0.1,-1.0449,78267.43,74329.671
000888.SZ,20231010,9.8,9.82,9.54,9.57,9.73,-0.16,-1.6444,123468.63,119181.152
000888.SZ,20231009,10.2,10.2,9.45,9.73,10.44,-0.71,-6.8008,261249.03,252474.021
000888.SZ,20230928,10.03,10.69,10.02,10.44,9.98,0.46,4.6092,209398.59,217788.149
000888.SZ,20230927,9.96,10.02,9.89,9.98,9.92,0.06,0.6048,72975.4,72740.189
000888.SZ,20230926,9.85,10.02,9.84,9.92,9.93,-0.01,-0.1007,64677.0,64389.106
000888.SZ,20230925,10.09,10.09,9.89,9.93,10.1,-0.17,-1.6832,86717.76,86164.489
000888.SZ,20230922,10.0,10.11,9.91,10.1,9.97,0.13,1.3039,98265.02,98442.5
000888.SZ,20230921,10.12,10.18,9.94,9.97,10.16,-0.19,-1.8701,123427.02,123862.104
000888.SZ,20230920,10.62,10.63,10.14,10.16,10.68,-0.52,-4.8689,177388.0,182228.636
000888.SZ,20230919,11.0,11.0,10.66,10.68,11.08,-0.4,-3.6101,208019.36,224233.349
000888.SZ,20230918,10.85,11.08,10.82,11.08,10.84,0.24,2.214,239839.55,263567.509
000888.SZ,20230915,10.63,11.03,10.61,10.84,10.59,0.25,2.3607,197593.57,214379.56
000888.SZ,20230914,10.79,10.88,10.51,10.59,10.75,-0.16,-1.4884,86358.0,91560.969
000888.SZ,20230913,10.84,10.91,10.6,10.75,10.89,-0.14,-1.2856,114770.0,123064.418
000888.SZ,20230912,10.93,11.07,10.82,10.89,10.99,-0.1,-0.9099,99910.0,109165.828
000888.SZ,20230911,10.81,11.02,10.77,10.99,10.81,0.18,1.6651,128179.0,139896.349
000888.SZ,20230908,10.84,10.87,10.65,10.81,10.82,-0.01,-0.0924,78881.0,84740.671
000888.SZ,20230907,10.88,11.05,10.81,10.82,10.89,-0.07,-0.6428,131745.0,143824.269
000888.SZ,20230906,10.92,10.95,10.81,10.89,10.93,-0.04,-0.366,77042.0,83703.519
000888.SZ,20230905,10.93,11.11,10.87,10.93,10.94,-0.01,-0.0914,113715.0,124731.364
000888.SZ,20230904,10.63,10.97,10.61,10.94,10.62,0.32,3.0132,144123.0,156298.434
000888.SZ,20230901,10.55,10.71,10.54,10.62,10.53,0.09,0.8547,103954.0,110606.215
000888.SZ,20230831,10.64,10.68,10.42,10.53,10.62,-0.09,-0.8475,87667.0,92407.022
000888.SZ,20230830,10.69,10.83,10.61,10.62,10.7,-0.08,-0.7477,79556.0,85144.43
000888.SZ,20230829,10.45,10.8,10.42,10.7,10.46,0.24,2.2945,107241.0,114028.697
000888.SZ,20230828,10.75,10.78,10.39,10.46,10.17,0.29,2.8515,131724.13,138762.411
000888.SZ,20230825,10.44,10.46,10.08,10.17,10.44,-0.27,-2.5862,106794.13,109270.048
000888.SZ,20230824,10.28,10.5,10.28,10.44,10.3,0.14,1.3592,67156.94,69837.253
000888.SZ,20230823,10.45,10.49,10.29,10.3,10.49,-0.19,-1.8112,50327.94,52148.357
000888.SZ,20230822,10.47,10.51,10.29,10.49,10.41,0.08,0.7685,64254.02,66817.622
000888.SZ,20230821,10.47,10.61,10.4,10.41,10.47,-0.06,-0.5731,51195.0,53805.541
000888.SZ,20230818,10.78,10.85,10.47,10.47,10.81,-0.34,-3.1452,69824.0,74160.422
000888.SZ,20230817,10.62,10.83,10.54,10.81,10.63,0.18,1.6933,76181.43,81669.004
000888.SZ,20230816,10.76,10.82,10.63,10.63,10.82,-0.19,-1.756,76958.43,82260.489
000888.SZ,20230815,10.91,10.99,10.75,10.82,10.92,-0.1,-0.9158,99468.56,108259.397
000888.SZ,20230814,10.71,11.05,10.58,10.92,10.83,0.09,0.831,127510.15,139129.053
000888.SZ,20230811,10.81,11.17,10.76,10.83,10.86,-0.03,-0.2762,117840.36,128840.465
000888.SZ,20230810,10.76,10.89,10.71,10.86,10.77,0.09,0.8357,56431.36,61012.871
000888.SZ,20230809,10.93,10.97,10.7,10.77,10.99,-0.22,-2.0018,74711.0,80549.914
000888.SZ,20230808,10.98,11.04,10.86,10.99,11.02,-0.03,-0.2722,62306.0,68237.487
000888.SZ,20230807,10.85,11.14,10.81,11.02,10.85,0.17,1.5668,107994.0,118894.863
000888.SZ,20230804,10.84,10.94,10.8,10.85,10.81,0.04,0.37,71583.0,77766.831
000888.SZ,20230803,10.95,11.0,10.73,10.81,10.89,-0.08,-0.7346,132850.0,143835.405
000888.SZ,20230802,11.15,11.16,10.86,10.89,11.17,-0.28,-2.5067,129932.0,142022.575
000888.SZ,20230801,11.59,11.61,11.13,11.17,11.64,-0.47,-4.0378,186116.0,209938.098
000888.SZ,20230731,11.38,11.75,11.31,11.64,11.33,0.31,2.7361,169588.0,195908.298
000888.SZ,20230728,11.26,11.4,11.18,11.33,11.33,0.0,0.0,59148.0,66813.807
000888.SZ,20230727,11.35,11.52,11.27,11.33,11.39,-0.06,-0.5268,57915.0,66010.942
000888.SZ,20230726,11.5,11.56,11.3,11.39,11.49,-0.1,-0.8703,57670.0,65739.667
000888.SZ,20230725,11.47,11.66,11.36,11.49,11.37,0.12,1.0554,86090.0,98898.122
000888.SZ,20230724,11.36,11.56,11.21,11.37,11.42,-0.05,-0.4378,80161.0,91214.11
000888.SZ,20230721,11.55,11.71,11.33,11.42,11.45,-0.03,-0.262,117356.36,134757.318
000888.SZ,20230720,11.27,11.58,11.27,11.45,11.38,0.07,0.6151,115468.0,132315.986
000888.SZ,20230719,11.26,11.53,11.19,11.38,11.22,0.16,1.426,103191.81,117375.597
000888.SZ,20230718,11.18,11.34,11.14,11.22,11.21,0.01,0.0892,72538.81,81466.781
000888.SZ,20230717,11.2,11.43,11.13,11.21,11.3,-0.09,-0.7965,109559.0,123486.428
000888.SZ,20230714,11.32,11.38,11.05,11.3,11.32,-0.02,-0.1767,226861.43,254325.098
000888.SZ,20230713,11.9,11.9,10.75,11.32,11.92,-0.6,-5.0336,422873.31,469336.416
000888.SZ,20230712,12.01,12.22,11.89,11.92,12.0,-0.08,-0.6667,126987.0,153139.212
000888.SZ,20230711,11.95,12.02,11.77,12.0,12.02,-0.02,-0.1664,91019.0,108412.154
000888.SZ,20230710,12.1,12.24,11.89,12.02,12.06,-0.04,-0.3317,116514.0,140107.505
000888.SZ,20230707,12.05,12.18,11.89,12.06,12.05,0.01,0.083,92686.02,111654.955
000888.SZ,20230706,12.16,12.54,11.95,12.05,12.24,-0.19,-1.5523,153288.02,185843.462
000888.SZ,20230705,12.35,12.71,12.15,12.24,12.39,-0.15,-1.2107,221062.15,274626.576
000888.SZ,20230704,11.89,12.54,11.82,12.39,12.01,0.38,3.164,276730.0,337545.347
000888.SZ,20230703,11.47,12.07,11.47,12.01,11.46,0.55,4.7993,285039.99,338094.874
000888.SZ,20230630,11.59,11.76,11.38,11.46,11.65,-0.19,-1.6309,158895.0,183883.538
000888.SZ,20230629,11.89,11.95,11.56,11.65,11.86,-0.21,-1.7707,111391.0,130336.233
000888.SZ,20230628,11.85,11.95,11.55,11.86,12.0,-0.14,-1.1667,192859.41,226307.482
000888.SZ,20230627,11.58,12.2,11.54,12.0,11.53,0.47,4.0763,282242.56,337747.662
000888.SZ,20230626,11.8,11.96,11.49,11.53,11.78,-0.25,-2.1222,149948.0,175283.358
000888.SZ,20230621,11.87,12.13,11.76,11.78,11.86,-0.08,-0.6745,141017.0,167897.57
000888.SZ,20230620,12.08,12.24,11.8,11.86,12.15,-0.29,-2.3868,163289.54,195542.782
000888.SZ,20230619,12.37,12.5,12.12,12.15,12.24,-0.09,-0.7353,160664.02,196728.906
000888.SZ,20230616,12.21,12.35,12.02,12.24,12.25,-0.01,-0.0816,146080.02,178220.075
000888.SZ,20230615,12.03,12.35,11.93,12.25,12.15,0.1,0.823,208534.6,253715.964
000888.SZ,20230614,12.23,12.35,11.81,12.15,12.42,-0.27,-2.1739,286302.0,348149.461
000888.SZ,20230613,12.33,12.75,12.32,12.42,12.22,0.2,1.6367,344031.0,429922.748
000888.SZ,20230612,12.43,12.68,12.16,12.22,12.6,-0.38,-3.0159,290878.04,359236.343
000888.SZ,20230609,12.67,12.98,12.52,12.6,12.88,-0.28,-2.1739,309411.0,392648.522
000888.SZ,20230608,13.33,13.42,12.52,12.88,13.23,-0.35,-2.6455,476851.62,612151.042
000888.SZ,20230607,12.38,13.57,12.03,13.23,12.34,0.89,7.2123,734907.33,952174.781
000888.SZ,20230606,12.72,13.51,12.25,12.34,12.65,-0.31,-2.4506,683249.7,870485.065
000888.SZ,20230605,12.02,12.65,11.83,12.65,11.5,1.15,10.0,471161.31,583514.368
000888.SZ,20230602,12.41,12.88,11.47,11.5,12.29,-0.79,-6.428,920668.79,1109758.171
000888.SZ,20230601,12.29,12.29,11.95,12.29,11.17,1.12,10.0269,403710.75,495448.42
000888.SZ,20230531,10.14,11.17,10.07,11.17,10.15,1.02,10.0493,254803.0,276171.893
000888.SZ,20230530,9.69,10.22,9.61,10.15,9.65,0.5,5.1813,288699.74,289849.642
000888.SZ,20230529,9.52,9.84,9.43,9.65,9.46,0.19,2.0085,211706.25,203782.884
000888.SZ,20230526,8.99,9.48,8.97,9.46,8.96,0.5,5.5804,230780.05,215735.769
000888.SZ,20230525,9.18,9.2,8.81,8.96,9.17,-0.21,-2.2901,114930.0,103104.261
000888.SZ,20230524,9.32,9.32,9.13,9.17,9.28,-0.11,-1.1853,76912.99,70780.534
000888.SZ,20230523,9.29,9.44,9.23,9.28,9.3,-0.02,-0.2151,137840.81,128878.5
000888.SZ,20230522,9.12,9.32,8.96,9.3,9.12,0.18,1.9737,135168.81,124597.304
000888.SZ,20230519,9.08,9.15,8.88,9.12,9.08,0.04,0.4405,95755.76,86344.114
000888.SZ,20230518,9.17,9.26,9.08,9.08,9.18,-0.1,-1.0893,70683.0,64690.047
000888.SZ,20230517,9.1,9.2,9.09,9.18,9.12,0.06,0.6579,62368.2,57053.354
000888.SZ,20230516,9.3,9.33,9.11,9.12,9.29,-0.17,-1.8299,105434.02,96997.808
000888.SZ,20230515,9.07,9.34,9.02,9.29,9.09,0.2,2.2002,155309.79,142686.11
000888.SZ,20230512,9.15,9.27,9.0,9.09,9.2,-0.11,-1.1957,86361.8,78849.162
000888.SZ,20230511,8.99,9.28,8.99,9.2,9.0,0.2,2.2222,143448.95,131751.437
000888.SZ,20230510,9.07,9.11,8.95,9.0,9.07,-0.07,-0.7718,100507.76,90654.216
000888.SZ,20230509,9.08,9.23,9.05,9.07,9.15,-0.08,-0.8743,122087.0,111466.57
000888.SZ,20230508,9.2,9.28,9.06,9.15,9.29,-0.14,-1.507,165210.26,151099.389
000888.SZ,20230505,9.45,9.49,9.23,9.29,9.33,-0.04,-0.4287,211887.2,197678.853
000888.SZ,20230504,9.38,9.58,9.1,9.33,9.23,0.1,1.0834,345352.74,321153.631
000888.SZ,20230428,8.81,9.35,8.75,9.23,8.81,0.42,4.7673,266459.95,243228.712
000888.SZ,20230427,8.75,9.04,8.72,8.81,8.88,-0.07,-0.7883,123396.33,108929.352
000888.SZ,20230426,8.5,9.13,8.5,8.88,8.41,0.47,5.5886,202190.68,179160.646
000888.SZ,20230425,8.66,8.73,8.27,8.41,8.71,-0.3,-3.4443,114395.0,96378.503
000888.SZ,20230424,8.68,8.81,8.39,8.71,8.72,-0.01,-0.1147,138679.7,119430.477
000888.SZ,20230421,8.94,9.17,8.71,8.72,8.98,-0.26,-2.8953,157280.68,139921.833
000888.SZ,20230420,9.11,9.12,8.83,8.98,9.2,-0.22,-2.3913,183912.9,164389.421
000888.SZ,20230419,9.02,9.25,8.99,9.2,9.0,0.2,2.2222,205949.0,188190.419
000888.SZ,20230418,9.16,9.19,8.95,9.0,9.15,-0.15,-1.6393,158371.0,142775.94
000888.SZ,20230417,9.24,9.34,9.1,9.15,9.19,-0.04,-0.4353,198457.25,182379.709
000888.SZ,20230414,9.5,9.57,9.14,9.19,9.67,-0.48,-4.9638,395752.57,366943.65
000888.SZ,20230413,9.42,9.77,9.25,9.67,9.27,0.4,4.315,328291.42,310785.527
000888.SZ,20230412,9.24,9.43,9.19,9.27,9.31,-0.04,-0.4296,140326.0,130182.251
000888.SZ,20230411,9.3,9.49,9.23,9.31,9.29,0.02,0.2153,182941.43,170912.793
000888.SZ,20230410,9.2,9.36,9.18,9.29,9.19,0.1,1.0881,164375.45,152651.131
000888.SZ,20230407,9.12,9.29,9.06,9.19,9.08,0.11,1.2115,116467.96,107180.319
000888.SZ,20230406,9.14,9.18,9.01,9.08,9.18,-0.1,-1.0893,139366.43,126685.026
000888.SZ,20230404,9.25,9.36,9.14,9.18,9.25,-0.07,-0.7568,177959.04,164326.59
000888.SZ,20230403,9.09,9.34,9.06,9.25,9.08,0.17,1.8722,199787.59,184038.516
000888.SZ,20230331,9.06,9.15,9.0,9.08,9.07,0.01,0.1103,160829.28,145757.79
000888.SZ,20230330,8.9,9.09,8.85,9.07,8.92,0.15,1.6816,206553.9,185946.809
000888.SZ,20230329,8.79,9.15,8.77,8.92,8.82,0.1,1.1338,162306.0,145505.921
000888.SZ,20230328,8.88,8.98,8.72,8.82,8.9,-0.08,-0.8989,127574.22,112853.857
000888.SZ,20230327,8.86,8.93,8.81,8.9,8.83,0.07,0.7928,114894.0,102025.309
000888.SZ,20230324,8.76,8.93,8.73,8.83,8.76,0.07,0.7991,124673.0,110157.069
000888.SZ,20230323,8.71,8.77,8.62,8.76,8.72,0.04,0.4587,103909.0,90579.972
000888.SZ,20230322,8.72,8.8,8.64,8.72,8.71,0.01,0.1148,126242.2,109826.188
000888.SZ,20230321,8.25,8.79,8.24,8.71,8.24,0.47,5.7039,224664.2,193031.904
000888.SZ,20230320,8.19,8.35,8.12,8.24,8.16,0.08,0.9804,105751.0,87156.282
000888.SZ,20230317,8.11,8.28,8.11,8.16,8.06,0.1,1.2407,87149.0,71472.503
000888.SZ,20230316,8.23,8.24,8.03,8.06,8.3,-0.24,-2.8916,97696.0,79342.471
000888.SZ,20230315,8.25,8.32,8.22,8.3,8.21,0.09,1.0962,83320.0,68980.575
000888.SZ,20230314,8.54,8.57,8.11,8.21,8.54,-0.33,-3.8642,126471.0,104726.104
000888.SZ,20230313,8.44,8.56,8.33,8.54,8.46,0.08,0.9456,72424.02,61257.562
000888.SZ,20230310,8.6,8.75,8.45,8.46,8.65,-0.19,-2.1965,78182.0,66839.433
000888.SZ,20230309,8.83,8.85,8.61,8.65,8.82,-0.17,-1.9274,87843.0,76295.95
000888.SZ,20230308,8.79,8.89,8.7,8.82,8.73,0.09,1.0309,85754.0,75467.132
000888.SZ,20230307,8.92,8.94,8.72,8.73,8.96,-0.23,-2.567,157423.6,138882.751
000888.SZ,20230306,8.78,8.99,8.74,8.96,8.8,0.16,1.8182,171993.76,153014.159
000888.SZ,20230303,8.72,8.8,8.66,8.8,8.71,0.09,1.0333,115308.76,100985.996
000888.SZ,20230302,8.67,8.79,8.66,8.71,8.69,0.02,0.2301,107130.76,93449.753
000888.SZ,20230301,8.68,8.7,8.61,8.69,8.67,0.02,0.2307,113300.0,98127.762
000888.SZ,20230228,8.54,8.68,8.5,8.67,8.53,0.14,1.6413,161754.0,139372.454
000888.SZ,20230227,8.42,8.58,8.38,8.53,8.44,0.09,1.0664,111552.69,94954.895
000888.SZ,20230224,8.42,8.45,8.33,8.44,8.42,0.02,0.2375,58795.0,49363.229
000888.SZ,20230223,8.51,8.54,8.4,8.42,8.5,-0.08,-0.9412,62153.62,52595.821
000888.SZ,20230222,8.43,8.52,8.41,8.5,8.48,0.02,0.2358,59877.02,50705.441
000888.SZ,20230221,8.42,8.52,8.37,8.48,8.4,0.08,0.9524,84379.0,71261.127
000888.SZ,20230220,8.31,8.4,8.25,8.4,8.3,0.1,1.2048,70573.0,58904.716
000888.SZ,20230217,8.29,8.44,8.24,8.3,8.29,0.01,0.1206,94276.02,78619.659
000888.SZ,20230216,8.37,8.65,8.23,8.29,8.36,-0.07,-0.8373,190182.02,161515.044
000888.SZ,20230215,8.49,8.49,8.35,8.36,8.47,-0.11,-1.2987,77885.0,65450.357
000888.SZ,20230214,8.6,8.61,8.41,8.47,8.61,-0.14,-1.626,104032.0,88223.449
000888.SZ,20230213,8.43,8.61,8.42,8.61,8.45,0.16,1.8935,144322.9,123328.367
000888.SZ,20230210,8.28,8.52,8.27,8.45,8.32,0.13,1.5625,150782.02,127099.3
000888.SZ,20230209,8.15,8.32,8.11,8.32,8.18,0.14,1.7115,101295.47,83455.114
000888.SZ,20230208,8.28,8.3,8.17,8.18,8.29,-0.11,-1.3269,116146.37,95593.595
000888.SZ,20230207,8.41,8.44,8.24,8.29,8.4,-0.11,-1.3095,102804.49,85409.434
000888.SZ,20230206,8.49,8.63,8.39,8.4,8.53,-0.13,-1.524,124497.43,105941.954
000888.SZ,20230203,8.46,8.54,8.38,8.53,8.5,0.03,0.3529,104775.0,88637.405
000888.SZ,20230202,8.45,8.53,8.33,8.5,8.45,0.05,0.5917,126745.0,107013.071
000888.SZ,20230201,8.25,8.46,8.2,8.45,8.25,0.2,2.4242,156470.33,130551.336
000888.SZ,20230131,8.46,8.47,8.17,8.25,8.51,-0.26,-3.0552,187967.0,155561.062
000888.SZ,20230130,8.8,8.84,8.48,8.51,8.62,-0.11,-1.2761,198686.28,170225.215
000888.SZ,20230120,8.49,8.68,8.48,8.62,8.49,0.13,1.5312,149918.54,129107.838
000888.SZ,20230119,8.59,8.59,8.39,8.49,8.56,-0.07,-0.8178,135370.52,115004.21
000888.SZ,20230118,8.67,8.72,8.53,8.56,8.73,-0.17,-1.9473,139477.43,119571.081
000888.SZ,20230117,8.36,8.85,8.35,8.73,8.36,0.37,4.4258,317984.42,273652.455
000888.SZ,20230116,8.44,8.48,8.35,8.36,8.47,-0.11,-1.2987,144961.97,121873.774
000888.SZ,20230113,8.36,8.48,8.29,8.47,8.35,0.12,1.4371,149012.0,125135.694
000888.SZ,20230112,8.32,8.4,8.26,8.35,8.33,0.02,0.2401,144886.69,120581.139
000888.SZ,20230111,8.6,8.63,8.33,8.33,8.6,-0.27,-3.1395,216356.26,182047.406
000888.SZ,20230110,8.81,8.88,8.55,8.6,8.88,-0.28,-3.1532,256832.32,222600.767
000888.SZ,20230109,8.76,8.91,8.66,8.88,8.8,0.08,0.9091,227339.43,199942.32
000888.SZ,20230106,9.44,9.44,8.78,8.8,9.49,-0.69,-7.2708,541685.12,486980.627
000888.SZ,20230105,9.17,9.54,8.94,9.49,9.27,0.22,2.3732,471226.0,439241.529
000888.SZ,20230104,9.16,9.4,8.98,9.27,9.24,0.03,0.3247,357265.55,330322.168
000888.SZ,20230103,9.4,10.03,9.13,9.24,9.47,-0.23,-2.4287,540795.5,509486.968
